,Keyword,Score
13,work,1.5446990040204334
1,art,1.519473035545463
0,ai,1.4236784261318367
3,design,1.354795611181921
11,software,1.165195386875176
12,use,1.1544892971276737
5,great,0.8616369244140589
4,generated,0.8523852753075507
8,opportunities,0.8523852753075507
6,images,0.8386874802697011
2,creative,0.761904967498719
7,itâ,0.7456561384217228
14,yes,0.6975367949746982
9,produce,0.4477152603817678
10,programmer,0.4477152603817678
