,Phrase,Score
0,ai,2.997644499088438
2,art,2.306523371425688
1,ai art,1.4602019560100272
3,artist,1.2860887689714426
6,indifferent,1.0
7,industry,0.787097916074569
8,industry eventually,0.6941635486792435
9,need addressed,0.4951932584136651
10,needs,0.4951932584136651
11,needs flushed,0.4951932584136651
4,human,0.4634689639365265
5,human thing,0.4634689639365265
14,thing,0.4634689639365265
12,negative,0.23173448196826324
13,negative ai,0.23173448196826324
