Accuracy (%),AI Impact Rating
58.333333333333336,3.0
66.66666666666666,2.0
75.0,3.0
83.33333333333334,2.6666666666666665
91.66666666666666,2.0
