Age Range,AI Copyright Protection,Artist Compensation,Public Domain
19 - 25,2.25,4.0,3.5
26 - 39,1.6666666666666667,3.3333333333333335,4.333333333333333
39 - 50,4.5,5.0,3.0
< 18,1.0,4.0,3.0
> 50,3.0,5.0,3.0
